"Wete_Kipangani",0,0,0,0,0,0,0,0,0,0,0,0,0,0,0,0,0,0,0,0,0,0,0,0,0,0,0,0,0,0,0,0,0,0,0,0,0,0,0,0,0,0,0,0,0,0,0.333333333333333,0,0,0,0,0,0,0,0,0,0,0,0,0,0,0,0,0,0,0,0,0,0,0,0,0,0,0,0,0,0,0,0,0,0,0,0,0,0,0,0,0,0,0,0,0,0,0.4,0,0,0,0,0,0,0,0,0,0,0,0,0,0,0,0,0,0,0,0,0.478260869565217,0.130434782608696,0,0,0,0,0,0,0,0,0,0,0,0,0,0,0,0
"Wete_Mtambwe Kaskazini",0.166666666666667,0,0,0,0,0,0,0,0,0,0,0,0,0,0,0,0.786666666666667,0,0,0,0,0,0,0,0,0,0,0,0,0,0,0,0,0,0,0,0,0,0,0,0,0,0,0,0,0,0.335329341317365,0,0,0,0,0,0,0,0,0,0,0,0,0.574585635359116,0,0,0,0,0,0,0,0,0,0,0,0,0,0,0,0,0,0,0,0,0.921052631578947,0,0,0,0,0,0,0,0,0,0,0,0,0,0,0,0,0,0,0,0,0.819444444444444,0,0,0,0,0,0,0,0,0,0,0,0,0,0.788461538461538,0,0,0,0,0,0,0,0,0,0,0,0,0,0,0,0
"Wete_Fundo",0.0898876404494382,0,0,0,0,0,0,0,0,0,0,0,0,0,0,0,0,0,0,0,0,0,0,0,0,0,0,0,0,0,0,0,0,0,0,0,0,0,0,0,0,0,0,0,0,0,0,0,0,0,0,0,0,0,0,0,0,0,0.0757575757575758,0.384615384615385,0,0,0,0,0,0,0,0,0,0,0,0,0,0,0,0,0,0,0,0,1,0,0,0,0,0,0,0,0,0,0,0,0,0.564102564102564,0,0,0,0,0,0,0,0.5,0,0,0,0,0,0,0,0,0,0,0,0,0,0.787234042553192,0,0,0,0,0,0,0,0,0,0,0,0,0,0,0,0
"Wete_Mchanga Mdogo",0.36,0,0,0,0,0,0,0,0,0,0,0,0,0,0,0,0,0,0,0,0,0,0,0,0,0,0,0,0,0,0,0,0,0,0,0,0,0,0,0,0,0,0,0,0,0,0,0,0,0,0,0,0,0,0,0,0,0,0,0.32,0,0,0,0,0,0,0,0,0,0,0,0,0,0,0,0,0,0,0,0,0.32,0,0,0,0,0,0,0,0,0,0,0,0,0,0,0,0,0,0,0,0.76,0,0,0,0,0,0,0,0,0,0,0,0,0,0,0,0,0,0,0,0,0,0,0,0,0,0,0,0,0,0,0
"Wete_Kambini",0,0,0,0,0,0,0,0,0,0,0,0,0,0,0,0,0,0,0,0,0,0,0,0,0,0,0,0,0,0,0,0,0,0,0,0,0,0,0,0,0,0,0,0,0,0,0.666666666666667,0,0,0,0,0,0,0,0,0,0,0,0,0.333333333333333,0,0,0,0,0,0,0,0,0,0,0,0,0,0,0,0,0,0,0,0,0.8,0,0,0,0,0,0,0,0,0,0,0,0,0,0,0,0,0,0,0,0,0,0,0,0,0,0,0,0,0,0,0,0,0,0,0.333333333333333,0,0,0,0,0,0,0,0,0,0,0,0,0,0,0,0
"Wete_Kojani",0,0,0,0,0,0,0,0,0,0,0,0,0,0,0,0,0,0,0,0,0,0,0,0,0,0,0,0,0,0,0,0,0,0,0,0,0,0,0,0,0,0,0,0,0,0,0,0,0,0,0,0,0,0,0,0,0,0,0,0,0,0,0,0,0,0,0,0,0,0,0,0,0,0,0,0,0,0,0,0,0,0,0,0,0,0,0,0,0,0,0,0,0,0,0,0,0,0,0,0,0,0,0,0,0,0,0,0,0,0,0,0,0,0,0,0.142857142857143,0,0,0,0,0,0,0,0,0,0,0,0,0,0,0,0
"Wete_Ole",0.8,0,0,0,0,0,0,0,0,0,0,0,0,0,0,0,0,0,0,0,0,0,0,0,0,0,0,0,0,0,0,0,0,0,0,0,0,0,0,0,0,0,0,0,0,0,0.58695652173913,0,0.1875,0,0,0,0,0,0,0,0,0,0,0.796875,0,0,0,0,0,0,0,0,0,0,0,0,0,0,0,0,0,0,0,0,0.252747252747253,0,0,0,0,0,0,0,0,0,0,0,0.846846846846847,0,0,0,0,0,0,0,0.742424242424242,0,0,0,0,0,0,0,0,0,0,0,0,0,0.726027397260274,0,0,0,0,0,0,0,0,0,0,0,0,0,0,0,0,0
"Wete_Kangagani",0,0,0,0,0,0,0,0,0,0,0,0,0,0,0,0,0,0,0,0,0,0,0,0,0,0,0,0,0,0,0,0,0,0,0,0,0,0,0,0,0,0,0,0,0,0,0.307692307692308,0,0,0,0,0,0,0,0,0,0,0,0,0.230769230769231,0,0,0,0,0,0,0,0,0,0,0,0,0,0,0,0,0,0,0,0,0.461538461538462,0,0,0,0,0,0,0,0,0,0,0,0,0,0,0,0,0,0,0,0,0,0,0,0,0,0,0,0,0,0,0,0,0,0,0.384615384615385,0,0,0,0,0,0,0,0,0,0,0,0,0,0,0,0
"Wete_Kiuyu Minungwini",0,0,0,0,0,0,0,0,0,0,0,0,0,0,0,0,0,0,0,0,0,0,0,0,0,0,0,0,0,0,0,0,0,0,0,0,0,0,0,0,0,0,0,0,0,0,0,0,0,0,0,0,0,0,0,0,0,0,0,0,0,0,0,0,0,0,0,0,0,0,0,0,0,0,0,0,0,0,0,0,0.375,0,0,0,0,0,0,0,0,0,0,0,0,0,0,0,0,0,0,0,0,0.5,0,0,0,0,0,0,0,0,0,0,0,0,0,0,0,0,0,0,0,0,0,0,0,0,0,0,0,0,0,0
"Wete_Piki",0.382352941176471,0,0,0,0,0,0,0,0,0,0,0,0,0,0,0,0,0,0,0,0,0,0,0,0,0,0,0,0,0.352941176470588,0,0,0,0,0,0,0,0,0,0,0,0,0,0,0,0,0.382352941176471,0,0.2,0,0,0,0,0,0,0,0,0,0,0.227722772277228,0,0,0,0,0,0,0,0,0,0,0,0,0,0,0,0,0,0,0,0,0.666666666666667,0,0,0,0,0,0,0,0,0,0,0,0,0,0,0,0,0,0,0,0,0.78125,0,0,0,0,0,0,0,0,0,0,0,0,0,0.709677419354839,0,0,0,0,0,0,0,0,0,0,0,0,0,0,0,0
"Wete_Kisiwani",0.138461538461538,0,0,0,0,0,0,0,0,0,0,0,0,0,0,0,0,0,0,0,0,0,0,0,0,0,0,0,0,0.276923076923077,0,0,0,0,0,0,0,0,0,0,0,0,0,0,0,0,0.476923076923077,0,0,0,0,0,0,0,0,0,0,0,0,0.527272727272727,0,0,0,0,0,0,0,0,0,0,0,0,0,0,0,0,0,0,0,0,0.564102564102564,0,0,0,0,0,0,0,0,0,0,0,0,0,0,0,0,0,0,0,0,0.666666666666667,0,0,0,0,0,0,0,0,0,0,0,0,0,0.833333333333333,0,0,0,0,0,0,0,0,0,0,0,0,0,0,0,0
"Wete_Gando",0.228571428571429,0,0,0,0,0,0,0,0,0,0,0,0,0,0,0,0.428571428571429,0,0,0,0,0,0,0,0,0,0,0,0,0,0,0,0,0,0,0,0,0,0,0,0,0,0,0,0,0,0.42,0,0,0,0,0,0,0,0,0,0,0,0,0.526315789473684,0,0,0,0,0,0,0,0,0,0,0,0,0,0,0,0,0,0,0,0,0.707317073170732,0,0,0,0,0,0,0,0,0,0,0,0,0,0,0,0,0,0,0,0,0.688888888888889,0,0,0,0,0,0,0,0,0,0,0,0,0,0.613636363636364,0,0,0,0,0,0,0,0,0,0,0,0,0,0,0,0
"Wete_Ukunjwi",0,0,0,0,0,0,0,0,0,0,0,0,0,0,0,0,0.602272727272727,0,0,0,0,0,0,0,0,0,0,0,0,0.386363636363636,0,0,0,0,0,0,0,0,0,0,0,0,0,0,0,0,0.421686746987952,0,0,0,0,0,0,0,0,0,0,0,0,0.6375,0,0,0,0,0,0,0,0,0,0,0,0,0,0,0,0,0,0,0,0,1,0,0,0,0,0,0,0,0,0,0,0,0,0.58974358974359,0,0,0,0,0,0,0,0.823529411764706,0,0,0,0,0,0,0,0,0,0,0,0,0,0.564102564102564,0,0,0,0,0,0,0,0,0,0,0,0,0,0,0,0
"Wete_Pandani",0.967741935483871,0,0,0,0,0,0,0,0,0,0,0,0,0,0,0,0,0,0,0,0,0,0,0,0,0,0,0,0,0,0,0,0,0,0,0,0,0,0,0,0,0,0,0,0,0,0.520833333333333,0,0.145833333333333,0,0,0,0,0,0,0,0,0,0,0.787234042553192,0,0,0,0,0,0,0,0,0,0,0,0,0,0,0,0,0,0,0,0,0.488888888888889,0.488888888888889,0,0,0,0,0,0,0,0,0,0,0,0,0,0,0,0,0,0,0,0.857142857142857,0,0,0,0,0,0,0,0,0,0,0,0,0,0.656565656565657,0,0,0,0,0,0,0,0,0,0,0,0,0,0,0,0
"Wete_Shengejuu",0.571428571428571,0,0,0,0,0,0,0,0,0,0,0,0,0,0,0,0,0,0,0,0,0,0,0,0,0,0,0,0,0.0952380952380952,0,0,0,0,0,0,0,0,0,0,0,0,0,0,0,0,0,0,0,0,0,0,0,0,0,0,0,0,0,0.125,0,0,0,0,0,0,0,0,0,0,0,0,0,0,0,0,0,0,0,0,0.615384615384615,0,0,0,0,0,0,0,0,0,0,0,0,0.818181818181818,0,0,0,0,0,0,0,0.92,0,0,0,0,0,0,0,0,0,0,0,0,0,0.714285714285714,0,0,0,0,0,0,0,0,0,0,0,0,0,0,0,0
"Wete_Bopwe",0,0,0,0,0,0,0,0,0,0,0,0,0,0,0,0.91304347826087,0,0,0,0,0,0,0,0,0,0,0,0,0,0.347826086956522,0,0,0,0,0,0,0,0,0,0,0,0,0,0,0,0,0.739130434782609,0,0,0,0,0,0,0,0,0,0,0,0,0.391304347826087,0,0,0,0,0,0,0,0,0,0,0,0,0,0,0,0,0,0,0,0,0.478260869565217,0,0,0,0,0,0,0,0,0,0,0,0,0,0,0,0,0,0,0,0,0,0,0,0,0,0,0,0,0,0,0,0,0,0,0.521739130434783,0,0,0,0,0,0,0,0,0,0,0,0,0,0,0,0
"Wete_Utaani",0,0,0,0,0,0,0,0,0,0,0,0,0,0,0,0,0,0,0,0,0,0,0,0,0,0,0,0,0,0,0,0,0,0,0,0,0,0,0,0,0,0,0,0,0,0,0,0,0,0,0,0,0,0,0,0,0,0,0,0.736842105263158,0,0,0,0,0,0,0,0,0,0,0,0,0,0,0,0,0,0,0,0,0.333333333333333,0,0,0,0,0,0,0,0,0,0,0,0,0,0,0,0,0,0,0,0,0.428571428571429,0,0,0,0,0,0,0,0,0,0,0,0,0,0.428571428571429,0,0,0,0,0,0,0,0,0,0,0,0,0,0,0,0
"Wete_Mtambwe Kusini",0,0,0,0,0,0,0,0,0,0,0,0,0,0,0,0,0.171641791044776,0,0,0,0,0,0,0,0,0,0,0,0,0.723880597014925,0,0,0,0,0,0,0,0,0,0,0,0,0,0,0,0,0.126865671641791,0,0.186046511627907,0,0,0,0,0,0,0,0,0,0,0.542056074766355,0,0,0,0,0,0,0,0,0,0,0,0,0,0,0,0,0,0,0,0,0.571428571428571,0,0,0,0,0,0,0,0,0,0,0,0,0,0,0,0,0,0,0,0,0,0,0,0,0,0,0,0,0,0,0,0,0,0,0.384615384615385,0,0,0,0,0,0,0,0,0,0,0,0,0,0,0,0
"Wete_Selem",0,0,0,0,0,0,0,0,0,0,0,0,0,0,0,0,0,0,0,0,0,0,0,0,0,0,0,0,0,0.416666666666667,0,0,0,0,0,0,0,0,0,0,0,0,0,0,0,0,0.583333333333333,0,0,0,0,0,0,0,0,0,0,0,0,0.5,0,0,0,0,0,0,0,0,0,0,0,0,0,0,0,0,0,0,0,0,0.333333333333333,0,0,0,0,0,0,0,0,0,0,0,0,0.25,0,0,0,0,0,0,0,0.333333333333333,0,0,0,0,0,0,0,0,0,0,0,0,0,0.333333333333333,0,0,0,0,0,0,0,0,0,0,0,0,0,0,0,0
"Wete_Kinyikani",0,0,0,0,0,0,0,0,0,0,0,0,0,0,0,0,0,0,0,0,0,0,0,0,0,0,0,0,0,0,0,0,0,0,0,0,0,0,0,0,0,0,0,0,0,0,0.25,0,0.153846153846154,0,0,0,0,0,0,0,0,0,0,0.140562248995984,0,0,0,0,0,0,0,0,0,0,0,0,0,0,0,0,0,0,0,0,0.695652173913043,0,0,0,0,0,0,0,0,0,0,0,0,0.375,0,0,0,0,0,0,0,0.875,0,0,0,0,0,0,0,0,0,0,0,0,0,0.85,0,0,0,0,0,0,0,0,0,0,0,0,0,0,0,0
"Wete_Chwale",0,0,0,0,0,0,0,0,0,0,0,0,0,0,0,0,0,0,0,0,0,0,0,0,0,0,0,0,0,0,0,0,0,0,0,0,0,0,0,0,0,0,0,0,0,0,0.588235294117647,0,0,0,0,0,0,0,0,0,0,0,0,0.235294117647059,0,0,0,0,0,0,0,0,0,0,0,0,0,0,0,0,0,0,0,0,0.235294117647059,0,0,0,0,0,0,0,0,0,0,0,0,0.705882352941177,0,0,0,0,0,0,0,0,0,0,0,0,0,0,0,0,0,0,0,0,0,0.85,0,0,0,0,0,0,0,0,0,0,0,0,0,0,0,0
"Wete_Maziwani",0,0,0,0,0,0,0,0,0,0,0,0,0,0,0,0,0,0,0,0,0,0,0,0,0,0,0,0,0,0,1,0,0,0,0,0,0,0,0,0,0,0,0,0,0,0,0.181818181818182,0,0,0,0,0,0,0,0,0,0,0,0,0.5625,0,0,0,0,0,0,0,0,0,0,0,0,0,0,0,0,0,0,0,0,0.461538461538462,0,0,0,0,0,0,0,0,0,0,0,0,0.454545454545455,0,0,0,0,0,0,0,0.4,0,0,0,0,0,0,0,0,0,0,0,0,0,0.375,0,0,0,0,0,0,0,0,0,0,0,0,0,0,0,0
"Wete_Mpambani",0,0,0,0,0,0,0,0,0,0,0,0,0,0,0,0,0,0,0,0,0,0,0,0,0,0,0,0,0,0,0,0,0,0,0,0,0,0,0,0,0,0,0,0,0,0,0,0,0,0,0,0,0,0,0,0,0,0,0,0,0,0,0,0,0,0,0,0,0,0,0,0,0,0,0,0,0,0,0,0,0,0,0,0,0,0,0,0,0,0,0,0,0,0,0,0,0,0,0,0,0,0,0,0,0,0,0,0,0,0,0,0,0,0,0,0.636363636363636,0,0,0,0,0,0,0,0,0,0,0,0,0,0,0,0
"Wete_Mjini Ole",0.75,0,0,0,0,0,0,0,0,0,0,0,0,0,0,0,0,0,0,0,0,0,0,0,0,0,0,0,0,0,0,0,0,0,0,0,0,0,0,0,0,0,0,0,0,0,0.357142857142857,0,0,0,0,0,0,0,0,0,0,0,0,0.625,0,0,0,0,0,0,0,0,0,0,0,0,0,0,0,0,0,0,0,0,0.35,0,0,0,0,0,0,0,0,0,0,0,0.608695652173913,0,0,0,0,0,0,0,0.782608695652174,0,0,0,0,0,0,0,0,0,0,0,0,0,0.807692307692308,0,0,0,0,0,0,0,0,0,0,0,0,0,0,0,0,0
"Wete_Kiuyu Kigongoni",0,0,0,0,0,0,0,0,0,0,0,0,0,0,0,0,0,0,0,0,0,0,0,0,0,0,0,0,0,0,0,0,0,0,0,0,0,0,0,0,0,0,0,0,0,0,0,0,0.307692307692308,0,0,0,0,0,0,0,0,0,0,0.307692307692308,0,0,0,0,0,0,0,0,0,0,0,0,0,0,0,0,0,0,0,0,1,0,0,0,0,0,0,0,0,0,0,0,0,0.5,0,0,0,0,0,0,0,0,0,0,0,0,0,0,0,0,0,0,0,0,0,0.347826086956522,0,0,0,0,0,0,0,0,0,0,0,0,0,0,0,0
"Wete_Mzambarauni Takao",0.244444444444444,0,0,0,0,0,0,0,0,0,0,0,0,0,0,0,0,0,0,0,0,0,0,0,0,0,0,0,0,0.222222222222222,0,0,0,0,0,0,0,0,0,0,0,0,0,0,0,0,0.733333333333333,0,0,0,0,0,0,0,0,0,0,0,0,0.6,0,0,0,0,0,0,0,0,0,0,0,0,0,0,0,0,0,0,0,0,1,0,0,0,0,0,0,0,0,0,0,0,0,0.1,0,0,0,0,0,0,0,0.724137931034483,0,0,0,0,0,0,0,0,0,0,0,0,0,0.666666666666667,0,0,0,0,0,0,0,0,0,0,0,0,0,0,0,0
"Wete_Junguni",0.45,0,0,0,0,0,0,0,0,0,0,0,0,0,0,0,0.825,0,0,0,0,0,0,0,0,0,0,0,0,0.175,0,0,0,0,0,0,0,0,0,0,0,0,0,0,0,0,0.825,0,0.525,0,0,0,0,0,0,0,0,0,0,0.7,0,0,0,0,0,0,0,0,0,0,0,0,0,0,0,0,0,0,0,0,0.125,0,0,0,0,0,0,0,0,0,0,0,0,0.352941176470588,0,0,0,0,0,0,0,0.507246376811594,0,0,0,0,0,0,0,0,0,0,0,0,0,0,0,0,0,0,0,0,0,0,0,0,0,0,0,0,0,0
"Wete_Kiungoni",0,0,0,0,0,0,0,0,0,0,0,0,0,0,0,0,0,0,0,0,0,0,0,0,0,0,0,0,0,0.0476190476190476,0,0,0,0,0,0,0,0,0,0,0,0,0,0,0,0,0.875,0,0,0,0,0,0,0,0,0,0,0,0,0.62962962962963,0,0,0,0,0,0,0,0,0,0,0,0,0,0,0,0,0,0,0,0,0.645161290322581,0,0,0,0,0,0,0,0,0,0,0,0,0.909090909090909,0,0,0,0,0,0,0,0.833333333333333,0,0,0,0,0,0,0,0,0,0,0,0,0,0.933333333333333,0,0,0,0,0,0,0,0,0,0,0,0,0,0,0,0
"Wete_Pembeni",0,0,0,0,0,0,0,0,0,0,0,0,0,0,0,0,0,0,0,0,0,0,0,0,0,0,0,0,0,0,0,0,0,0,0,0,0,0,0,0,0,0,0,0,0,0,0,0,0,0,0,0,0,0,0,0,0,0,0,0.533333333333333,0,0,0,0,0,0,0,0,0,0,0,0,0,0,0,0,0,0,0,0,0.714285714285714,0,0,0,0,0,0,0,0,0,0,0,0,0.36,0,0,0,0,0,0,0,0,0,0,0,0,0,0,0,0,0,0,0,0,0,0.91304347826087,0,0,0,0,0,0,0,0,0,0,0,0,0,0,0,0
"Wete_Kizimbani",0,0,0,0,0,0,0,0,0,0,0,0,0,0,0,0,0,0,0,0,0,0,0,0,0,0,0,0,0,0.666666666666667,0,0,0,0,0,0,0,0,0,0,0,0,0,0,0,0,0.222222222222222,0,0,0,0,0,0,0,0,0,0,0,0,1,0,0,0,0,0,0,0,0,0,0,0,0,0,0,0,0,0,0,0,0,1,0,0,0,0,0,0,0,0,0,0,0,0,0,0,0,0,0,0,0,0,0.347826086956522,0,0,0,0,0,0,0,0,0,0,0,0,0,0.458333333333333,0,0,0,0,0,0,0,0,0,0,0,0,0,0,0,0
"Wete_Limbani",0.227272727272727,0,0,0,0,0,0,0,0,0,0,0,0,0,0,0,0,0,0,0,0,0,0,0,0,0,0,0,0,0.181818181818182,0,0,0,0,0,0,0,0,0,0,0,0,0,0,0,0,0.275,0,0.177570093457944,0,0,0,0,0,0,0,0,0,0,0.793103448275862,0,0,0,0,0,0,0,0,0,0,0,0,0,0,0,0,0,0,0,0,1,0,0,0,0,0,0,0,0,0,0,0,0,0.441176470588235,0,0,0,0,0,0,0,0.678571428571429,0,0,0,0,0,0,0,0,0,0,0,0,0,0.347826086956522,0,0,0,0,0,0,0,0,0,0,0,0,0,0,0,0
"Wete_Jadida",0,0,0,0,0,0,0,0,0,0,0,0,0,0,0,0,0,0,0,0,0,0,0,0,0,0,0,0,0,0.727272727272727,0,0,0,0,0,0,0,0,0,0,0,0,0,0,0,0,0,0,0.606060606060606,0,0,0,0,0,0,0,0,0,0,0.606060606060606,0,0,0,0,0,0,0,0,0,0,0,0,0,0,0,0,0,0,0,0,1,0,0,0,0,0,0,0,0,0,0,0,0,0,0,0,0,0,0,0,0,0.125,0,0,0,0,0,0,0,0,0,0,0,0,0,0.230769230769231,0,0,0,0,0,0,0,0,0,0,0,0,0,0,0,0
"Micheweni_Micheweni",0,0,0,0,0,0,0,0,0,0,0,0,0,0,0,0,0,0,0,0,0,0,0,0,0,0,0,0,0,0,0.233333333333333,0,0,0,0,0,0,0,0,0,0,0,0,0,0,0,0,0,0,0,0,0,0,0,0,0,0,0,0,0.480769230769231,0,0,0,0,0,0,0,0,0,0,0,0,0,0,0,0,0,0,0,0,0.627906976744186,0,0,0,0,0,0,0,0,0,0,0,0,0,0,0,0,0,0,0,0,0,0,0,0,0,0,0,0,0,0,0,0,0,0,0.354838709677419,0,0,0,0,0,0,0,0,0,0,0,0,0,0,0,0
"Micheweni_Msuka Mashariki",0,0,0,0,0,0,0,0,0,0,0,0,0,0,0,0,0,0,0,0,0,0,0,0,0,0,0,0,0,0.424242424242424,0,0,0,0,0,0,0,0,0,0,0,0,0,0,0,0,0.32258064516129,0,0,0.282051282051282,0,0,0,0,0,0,0,0,0,0.289156626506024,0,0,0,0,0,0,0,0,0,0,0,0,0,0,0,0,0,0,0,0,0.302325581395349,0,0,0,0,0,0,0,0,0,0,0,0,0.758620689655172,0,0,0,0,0,0,0,0.578947368421053,0,0,0,0,0,0,0,0,0,0,0,0,0,0.7,0,0,0,0,0,0,0,0,0,0,0,0,0,0,0,0
"Micheweni_Kinowe",0,0,0,0,0,0,0,0,0,0,0,0,0,0,0,0,0,0,0,0,0,0,0,0,0,0,0,0,0,0,0,0,0,0,0,0,0,0,0,0,0,0,0,0,0,0,0.146341463414634,0,0,0,0,0,0,0,0,0,0,0,0,0.461538461538462,0,0,0,0,0,0,0,0,0,0,0,0,0,0,0,0,0,0,0,0,0,0,0,0,0,0,0,0,0,0,0,0,0,0.5,0,0,0,0,0,0,0,0,0,0,0,0,0,0,0,0,0,0,0,0,0,0.346153846153846,0,0,0,0,0,0,0,0,0,0,0,0,0,0,0,0
"Micheweni_Tumbe Mashariki",0,0,0,0,0,0,0,0,0,0,0,0,0,0,0,0,0.84,0,0,0,0,0,0,0,0,0,0,0,0,0,0.16,0,0,0,0,0,0,0,0,0,0,0,0,0,0,0,0.777777777777778,0,0,0,0,0,0,0,0,0,0,0,0,0.310344827586207,0,0,0,0,0,0,0,0,0,0,0,0,0,0,0,0,0,0,0,0,0.290322580645161,0,0,0,0,0,0,0,0,0,0,0,0,0,0,0,0,0,0,0,0,0,0,0,0,0,0,0,0,0,0,0,0,0,0,0.621621621621622,0,0,0,0,0,0,0,0,0,0,0,0,0,0,0,0
"Micheweni_Mgogoni",0.227848101265823,0,0,0,0,0,0,0,0,0,0,0,0,0,0,0,0,0,0,0,0,0,0,0,0,0,0,0,0,0.443037974683544,0,0,0,0,0,0,0,0,0,0,0,0,0,0,0,0,0.277777777777778,0,0,0,0,0,0,0,0,0,0,0,0,0.463414634146341,0,0,0,0,0,0,0,0,0,0,0,0,0,0,0,0,0,0,0,0,0,0,0,0,0,0,0,0,0,0,0,0,0,0.573770491803279,0,0,0,0,0,0,0,0.69811320754717,0,0,0,0,0,0,0,0,0,0,0,0,0,0.583333333333333,0,0,0,0,0,0,0,0,0,0,0,0,0,0,0,0
"Micheweni_Shumba Viamboni",0,0,0,0,0,0,0,0,0,0,0,0,0,0,0,0,0,0,0,0,0,0,0,0,0,0,0,0,0,0,0.416666666666667,0,0,0,0,0,0,0,0,0,0,0,0,0,0,0,0.368421052631579,0,0,0.162162162162162,0,0,0,0,0,0,0,0,0,0.71875,0,0,0,0,0,0,0,0,0,0,0,0,0,0,0,0,0,0,0,0,1,0,0,0,0,0,0,0,0,0,0,0,0,0.775,0,0,0,0,0,0,0,0,0,0,0,0,0,0,0,0,0,0,0,0,0,0.25,0,0,0,0,0,0,0,0,0,0,0,0,0,0,0,0
"Micheweni_Finya",0.1,0,0,0,0,0,0,0,0,0,0,0,0,0,0,0.266666666666667,0,0,0,0,0,0,0,0,0,0,0,0,0,0,0,0,0,0,0,0,0,0,0,0,0,0,0,0,0,0,0.221374045801527,0,0,0,0,0,0,0,0,0,0,0,0,0.328571428571429,0,0,0,0,0,0,0,0,0,0,0,0,0,0,0,0,0,0,0,0,0.566037735849057,0,0,0,0,0,0,0,0,0,0,0,0,0.896551724137931,0,0,0,0,0,0,0,0.833333333333333,0,0,0,0,0,0,0,0,0,0,0,0,0,0.642857142857143,0,0,0,0,0,0,0,0,0,0,0,0,0,0,0,0
"Micheweni_Konde",0.323076923076923,0,0,0,0,0,0,0,0,0,0,0,0,0,0,0,0,0,0,0,0,0,0,0,0,0,0,0,0,0,0,0,0,0,0,0,0,0,0,0,0,0,0,0,0,0,0.0933333333333333,0,0,0,0,0,0,0,0,0,0,0,0,0.5,0,0,0,0,0,0,0,0,0,0,0,0,0,0,0,0,0,0,0,0,1,0,0,0,0,0,0,0,0,0,0,0,0,0.125,0,0,0,0,0,0,0,0.532467532467532,0,0,0,0,0,0,0,0,0,0,0,0,0,0.779220779220779,0,0,0,0,0,0,0,0,0,0,0,0,0,0,0,0
"Micheweni_Wingwi Mapofu",0.37037037037037,0,0,0,0,0,0,0,0,0,0,0,0,0,0,0,0,0,0,0,0,0,0,0,0,0,0,0,0,0,0.259259259259259,0,0,0,0,0,0,0,0,0,0,0,0,0,0,0,0.288461538461538,0,0,0.461538461538462,0,0,0,0,0,0,0,0,0,0.377358490566038,0,0,0,0,0,0,0,0,0,0,0,0,0,0,0,0,0,0,0,0,1,0,0,0,0,0,0,0,0,0,0,0,0,0.521739130434783,0,0,0,0,0,0,0,0.791666666666667,0,0,0,0,0,0,0,0,0,0,0,0,0,0.586206896551724,0,0,0,0,0,0,0,0,0,0,0,0,0,0,0,0
"Micheweni_Kiuyu Mbuyuni",0,0,0,0,0,0,0,0,0,0,0,0,0,0,0,0,0,0,0,0,0,0,0,0,0,0,0,0,0,0,0.152173913043478,0,0,0,0,0,0,0,0,0,0,0,0,0,0,0,0,0,0,0.147058823529412,0,0,0,0,0,0,0,0,0,0.448275862068966,0,0,0,0,0,0,0,0,0,0,0,0,0,0,0,0,0,0,0,0,0.461538461538462,0,0,0,0,0,0,0,0,0,0,0,0,0.2,0,0,0,0,0,0,0,0.333333333333333,0,0,0,0,0,0,0,0,0,0,0,0,0,0,0,0,0,0,0,0,0,0,0,0,0,0,0,0,0,0
"Micheweni_Makangale",0,0,0,0,0,0,0,0,0,0,0,0,0,0,0,0,0.278846153846154,0,0,0,0,0,0,0,0,0,0,0,0,0.451923076923077,0,0,0,0,0,0,0,0,0,0,0,0,0,0,0,0,0.572815533980582,0,0,0,0,0,0,0,0,0,0,0,0,0.475728155339806,0,0,0,0,0,0,0,0,0,0,0,0,0,0,0,0,0,0,0,0,1,0,0,0,0,0,0,0,0,0,0,0,0,0.918918918918919,0,0,0,0,0,0,0,0.470588235294118,0,0,0,0,0,0,0,0,0,0,0,0,0,0.604651162790698,0,0,0,0,0,0,0,0,0,0,0,0,0,0,0,0
"Micheweni_Wingwi Njuguni",0,0,0,0,0,0,0,0,0,0,0,0,0,0,0,0,0.230769230769231,0,0,0,0,0,0,0,0,0,0,0,0,0,0.346153846153846,0,0,0,0,0,0,0,0,0,0,0,0,0,0,0,0,0,0,0,0,0,0,0,0,0,0,0,0,0.666666666666667,0,0,0,0,0,0,0,0,0,0,0,0,0,0,0,0,0,0,0,0,0,0,0,0,0,0,0,0,0,0,0,0,0,0.764705882352941,0,0,0,0,0,0,0,0,0,0,0,0,0,0,0,0,0,0,0,0,0,0.545454545454545,0,0,0,0,0,0,0,0,0,0,0,0,0,0,0,0
"Micheweni_Shumba Mjini",0,0,0,0,0,0,0,0,0,0,0,0,0,0,0,0,0,0,0,0,0,0,0,0,0,0,0,0,0,0,0,0,0,0,0,0,0,0,0,0,0,0,0,0,0,0,0,0,0,0,0,0,0,0,0,0,0,0,0,0.478260869565217,0,0,0,0,0,0,0,0,0,0,0,0,0,0,0,0,0,0,0,0,0,0,0,0,0,0,0,0,0,0,0,0,0,0,0,0,0,0,0,0,0,0,0,0,0,0,0,0,0,0,0,0,0,0,0,0.342105263157895,0,0,0,0,0,0,0,0,0,0,0,0,0,0,0,0
"Micheweni_Majenzi",0,0,0,0,0,0,0,0,0,0,0,0,0,0,0,0,0,0,0,0,0,0,0,0,0,0,0,0,0,0,0,0,0,0,0,0,0,0,0,0,0,0,0,0,0,0,0,0,0,0,0,0,0,0,0,0,0,0,0,0.125,0,0,0,0,0,0,0,0,0,0,0,0,0,0,0,0,0,0,0,0,1,0,0,0,0,0,0,0,0,0,0,0,0,0.285714285714286,0,0,0,0,0,0,0,0,0,0,0,0,0,0,0,0,0,0,0,0,0,0,0,0,0,0,0,0,0,0,0,0,0,0,0,0,0,0
"Micheweni_Mjini Wingwi",0,0,0,0,0,0,0,0,0,0,0,0,0,0,0,0,0,0,0,0,0,0,0,0,0,0,0,0,0,0,0,0,0,0,0,0,0,0,0,0,0,0,0,0,0,0,0,0,0,0,0,0,0,0,0,0,0,0,0,0,0,0,0,0,0,0,0,0,0,0,0,0,0,0,0,0,0,0,0,0,0.233333333333333,0,0,0,0,0,0,0,0,0,0,0,0,0,0,0,0,0,0,0,0,0,0,0,0,0,0,0,0,0,0,0,0,0,0,0,0,0,0,0,0,0,0,0,0,0,0,0,0,0,0,0
"Micheweni_Msuka Magharibi",0,0,0,0,0,0,0,0,0,0,0,0,0,0,0,0,0,0,0,0,0,0,0,0,0,0,0,0,0,0.431818181818182,0,0,0,0,0,0,0,0,0,0,0,0,0,0,0,0,0.333333333333333,0,0,0.428571428571429,0,0,0,0,0,0,0,0,0,0.545454545454545,0,0,0,0,0,0,0,0,0,0,0,0,0,0,0,0,0,0,0,0,1,0,0,0,0,0,0,0,0,0,0,0,0,0.836363636363636,0,0,0,0,0,0,0,0.666666666666667,0,0,0,0,0,0,0,0,0,0,0,0,0,0.88,0,0,0,0,0,0,0,0,0,0,0,0,0,0,0,0
"Micheweni_Chimba",0,0,0,0,0,0,0,0,0,0,0,0,0,0,0,0,0,0,0,0,0,0,0,0,0,0,0,0,0,0,0,0,0,0,0,0,0,0,0,0,0,0,0,0,0,0,0.5,0,0,0.03125,0,0,0,0,0,0,0,0,0,0.308823529411765,0,0,0,0,0,0,0,0,0,0,0,0,0,0,0,0,0,0,0,0,0.666666666666667,0,0,0,0,0,0,0,0,0,0,0,0,0.383333333333333,0,0,0,0,0,0,0,0,0,0,0,0,0,0,0,0,0,0,0,0,0,0.733333333333333,0,0,0,0,0,0,0,0,0,0,0,0,0,0,0,0
"Micheweni_Tumbe Magharibi",1,0,0,0,0,0,0,0,0,0,0,0,0,0,0,0,0,0,0,0,0,0,0,0,0,0,0,0,0,0,0.666666666666667,0,0,0,0,0,0,0,0,0,0,0,0,0,0,0,0.708333333333333,0,0,0,0,0,0,0,0,0,0,0,0,0.555555555555556,0,0,0,0,0,0,0,0,0,0,0,0,0,0,0,0,0,0,0,0,0.19047619047619,0,0,0,0,0,0,0,0,0,0,0,0,0.672727272727273,0,0,0,0,0,0,0,0.823529411764706,0,0,0,0,0,0,0,0,0,0,0,0,0,0,0,0,0,0,0,0,0,0,0,0,0,0,0,0,0,0
"Micheweni_Sizini",0,0,0,0,0,0,0,0,0,0,0,0,0,0,0,0,0,0,0,0,0,0,0,0,0,0,0,0,0,0,0.333333333333333,0,0,0,0,0,0,0,0,0,0,0,0,0,0,0,0.303030303030303,0,0,0,0,0,0,0,0,0,0,0,0,0.421052631578947,0,0,0,0,0,0,0,0,0,0,0,0,0,0,0,0,0,0,0,0,1,0,0,0,0,0,0,0,0,0,0,0,0,0,0,0,0,0,0,0,0,0.275862068965517,0,0,0,0,0,0,0,0,0,0,0,0,0,0.380952380952381,0,0,0,0,0,0,0,0,0,0,0,0,0,0,0,0
"Micheweni_Kinyasini",0.196428571428571,0,0,0,0,0,0,0,0,0,0,0,0,0,0,0.214285714285714,0,0,0,0,0,0,0,0,0,0,0,0,0,0.267857142857143,0,0,0,0,0,0,0,0,0,0,0,0,0,0,0,0,0.5,0,0,0,0,0,0,0,0,0,0,0,0,0.350877192982456,0,0,0,0,0,0,0,0,0,0,0,0,0,0,0,0,0,0,0,0,0.341463414634146,0,0,0,0,0,0,0,0,0,0,0,0,0,0,0,0,0,0,0,0,0.766666666666667,0,0,0,0,0,0,0,0,0,0,0,0,0,0.419354838709677,0,0,0,0,0,0,0,0,0,0,0,0,0,0,0,0
"Micheweni_Mihogoni",0.103896103896104,0,0,0,0,0,0,0,0,0,0,0,0,0,0,0,0,0,0,0,0,0,0,0,0,0,0,0,0,0,0,0,0,0,0,0,0,0,0,0,0,0,0,0,0,0,0,0,0,0,0,0,0,0,0,0,0,0,0,0.5,0,0,0,0,0,0,0,0,0,0,0,0,0,0,0,0,0,0,0,0,0.333333333333333,0,0,0,0,0,0,0,0,0,0,0,0,0,0,0,0,0,0,0,0,0.772727272727273,0,0,0,0,0,0,0,0,0,0,0,0,0,0,0,0,0,0,0,0,0,0,0,0,0,0,0,0,0,0
"Micheweni_Kifundi",0,0,0,0,0,0,0,0,0,0,0,0,0,0,0,0,0.402597402597403,0,0,0,0,0,0,0,0,0,0,0,0,0.779220779220779,0,0,0,0,0,0,0,0,0,0,0,0,0,0,0,0,0.416666666666667,0,0,0.464646464646465,0,0,0,0,0,0,0,0,0,0.566371681415929,0,0,0,0,0,0,0,0,0,0,0,0,0,0,0,0,0,0,0,0,0.63768115942029,0,0,0,0,0,0,0,0,0,0,0,0,0.745098039215686,0,0,0,0,0,0,0,0.45,0,0,0,0,0,0,0,0,0,0,0,0,0,0.6,0,0,0,0,0,0,0,0,0,0,0,0,0,0,0,0
"Micheweni_Maziwa Ng'ombe",0,0,0,0,0,0,0,0,0,0,0,0,0,0,0,0,0,0,0,0,0,0,0,0,0,0,0,0,0,0,0,0,0,0,0,0,0,0,0,0,0,0,0,0,0,0,0,0,0,0.7,0,0,0,0,0,0,0,0,0,0.727272727272727,0,0,0,0,0,0,0,0,0,0,0,0,0,0,0,0,0,0,0,0,0.916666666666667,0,0,0,0,0,0,0,0,0,0,0,0,0,0,0,0,0,0,0,0,0,0,0,0,0,0,0,0,0,0,0,0,0,0,0.6,0,0,0,0,0,0,0,0,0,0,0,0,0,0,0,0
"Micheweni_Tondooni",0,0,0,0,0,0,0,0,0,0,0,0,0,0,0,0,0,0,0,0,0,0,0,0,0,0,0,0,0,0.764705882352941,0,0,0,0,0,0,0,0,0,0,0,0,0,0,0,0,0.2,0,0,0.359375,0,0,0,0,0,0,0,0,0,0.451612903225806,0,0,0,0,0,0,0,0,0,0,0,0,0,0,0,0,0,0,0,0,0.317460317460317,0,0,0,0,0,0,0,0,0,0,0,0,0.317460317460317,0,0,0,0,0,0,0,0,0,0,0,0,0,0,0,0,0,0,0,0,0,0.526315789473684,0,0,0,0,0,0,0,0,0,0,0,0,0,0,0,0
"Micheweni_Mtemani",0,0,0,0,0,0,0,0,0,0,0,0,0,0,0,0,0,0,0,0,0,0,0,0,0,0,0,0,0,0,0,0,0,0,0,0,0,0,0,0,0,0,0,0,0,0,0.0571428571428571,0,0,0,0,0,0,0,0,0,0,0,0,0.558558558558559,0,0,0,0,0,0,0,0,0,0,0,0,0,0,0,0,0,0,0,0,0,0,0,0,0,0,0,0,0,0,0,0,0,0.333333333333333,0,0,0,0,0,0,0,0.473684210526316,0,0,0,0,0,0,0,0,0,0,0,0,0,0.5,0,0,0,0,0,0,0,0,0,0,0,0,0,0,0,0
"Micheweni_Wingwi Mjananza",0,0,0,0,0,0,0,0,0,0,0,0,0,0,0,0,0,0,0,0,0,0,0,0,0,0,0,0,0,0,0,0,0,0,0,0,0,0,0,0,0,0,0,0,0,0,0,0,0,0,0,0,0,0,0,0,0,0,0,0.238095238095238,0,0,0,0,0,0,0,0,0,0,0,0,0,0,0,0,0,0,0,0,0,0,0,0,0,0,0,0,0,0,0,0,0,0,0,0,0,0,0,0,0,0,0,0,0,0,0,0,0,0,0,0,0,0,0,0.818181818181818,0,0,0,0,0,0,0,0,0,0,0,0,0,0,0,0
"Micheweni_Mlindo",0,0,0,0,0,0,0,0,0,0,0,0,0,0,0,0,0,0,0,0,0,0,0,0,0,0,0,0,0,0,0,0,0,0,0,0,0,0,0,0,0,0,0,0,0,0,0,0,0,0,0,0,0,0,0,0,0,0,0,1,0,0,0,0,0,0,0,0,0,0,0,0,0,0,0,0,0,0,0,0,0,0,0,0,0,0,0,0,0,0,0,0,0,0,0,0,0,0,0,0,0,0,0,0,0,0,0,0,0,0,0,0,0,0,0,0,0,0,0,0,0,0,0,0,0,0,0,0,0,0,0,0
"Chake Chake_Chanjaani",0.319148936170213,0,0,0,0,0,0,0,0,0,0,0,0,0,0,0,0.191489361702128,0,0,0,0,0,0,0,0,0,0,0,0,0,0.276595744680851,0,0,0,0,0,0,0,0,0,0,0,0,0,0,0,0,0.30952380952381,0.0229885057471264,0,0,0,0,0,0,0,0,0,0,0.551181102362205,0,0,0,0,0,0,0,0,0,0,0,0,0,0,0,0,0,0,0,0,0.454545454545455,0,0,0,0,0,0,0,0,0,0,0,0.6,0,0,0,0,0,0,0,0.804878048780488,0,0,0,0,0,0,0,0,0,0,0,0,0,0.735294117647059,0,0,0,0,0,0,0,0,0,0,0,0,0,0,0,0,0
"Chake Chake_Wawi",0.540540540540541,0,0,0,0,0,0,0,0,0,0,0,0,0,0,1,0,0,0,0,0,0,0,0,0,0,0,0,0,0.227272727272727,0,0,0,0,0,0,0,0,0,0,0,0,0,0,0,0,0,0.103896103896104,0.675,0,0,0,0,0,0,0,0,0,0,0.580357142857143,0,0,0,0,0,0,0,0,0,0,0,0,0,0,0,0,0,0,0,0,0.452830188679245,0,0,0,0,0,0,0,0,0,0,0,0.844660194174757,0,0,0,0,0,0,0,0.860215053763441,0,0,0,0,0,0,0,0,0,0,0,0,0,0,0.893333333333333,0,0,0,0,0,0,0,0,0,0,0,0,0,0,0,0
"Chake Chake_Pujini",0.583333333333333,0,0,0,0,0,0,0,0,0,0,0,0,0,0,0,1,0,0,0,0,0,0,0,0,0,0,0,0,0,0,0,0,0,0,0,0,0,0,0,0,0,0,0,0,0,0,0,0,0,0,0,0,0,0,0,0,0,0,0.278688524590164,0,0,0,0,0,0,0,0,0,0,0,0,0,0,0,0,0,0,0,0,0,0,0,0,0,0,0,0,0,0,0,0,0.733333333333333,0,0,0,0,0,0,0,0.56,0,0,0,0,0,0,0,0,0,0,0,0,0,0,0.45,0,0,0,0,0,0,0,0,0,0,0,0,0,0,0,0
"Chake Chake_Ziwani",0.415094339622642,0,0,0,0,0,0,0,0,0,0,0,0,0,0,0,0,0,0,0,0,0,0,0,0,0,0,0,0,0.320754716981132,0,0,0,0,0,0,0,0,0,0,0,0,0,0,0,0,0,0.261146496815287,0.0758620689655172,0,0,0,0,0,0,0,0,0,0,0.709677419354839,0,0,0,0,0,0,0,0,0,0,0,0,0,0,0,0,0,0,0,0,0.13953488372093,0,0,0,0,0,0,0,0,0,0,0,0.8,0,0,0,0,0,0,0,0.862745098039216,0,0,0,0,0,0,0,0,0,0,0,0,0,0.847826086956522,0,0,0,0,0,0,0,0,0,0,0,0,0,0,0,0,0
"Chake Chake_Ndagoni",0.761904761904762,0,0,0,0,0,0,0,0,0,0,0,0,0,0,0,0,0,0,0,0,0,0,0,0,0,0,0,0,0,0,0,0,0,0,0,0,0,0,0,0,0,0,0,0,0,0,0,0,0,0,0,0,0,0,0,0,0,0,0.476190476190476,0,0,0,0,0,0,0,0,0,0,0,0,0,0,0,0,0,0,0,0,0,0,0,0,0,0,0,0,0,0,0,0,0.805555555555556,0,0,0,0,0,0,0,0.62,0,0,0,0,0,0,0,0,0,0,0,0,0,0.75,0,0,0,0,0,0,0,0,0,0,0,0,0,0,0,0,0
"Chake Chake_Kwale",0,0,0,0,0,0,0,0,0,0,0,0,0,0,0,0,0,0,0,0,0,0,0,0,0,0,0,0,0,0,0,0,0,0,0,0,0,0,0,0,0,0,0,0,0,0,0.333333333333333,0,0,0,0,0,0,0,0,0,0,0,0,0.125,0,0,0,0,0,0,0,0,0,0,0,0,0,0,0,0,0,0,0,0,0.142857142857143,0,0,0,0,0,0,0,0,0,0,0,0.142857142857143,0,0,0,0,0,0,0,0.454545454545455,0,0,0,0,0,0,0,0,0,0,0,0,0,0.764705882352941,0,0,0,0,0,0,0,0,0,0,0,0,0,0,0,0,0
"Chake Chake_Vitongoji",0.454545454545455,0,0,0,0,0,0,0,0,0,0,0,0,0,0,0,0,0,0,0,0,0,0,0,0,0,0,0,0,0,0,0,0,0,0,0,0,0,0,0,0,0,0,0,0,0,0,0.439393939393939,0.279411764705882,0,0,0,0,0,0,0,0,0,0,0.41747572815534,0,0,0,0,0,0,0,0,0,0,0,0,0,0,0,0,0,0,0,0,0.366666666666667,0,0,0,0,0,0,0,0,0,0,0,0,0,0,0,0,0,0,0,0.833333333333333,0,0,0,0,0,0,0,0,0,0,0,0,0,0.822784810126582,0.0506329113924051,0,0,0,0,0,0,0,0,0,0,0,0,0,0,0,0
"Chake Chake_Ng'ambwa",0.349206349206349,0,0,0,0,0,0,0,0,0,0,0,0,0,0,0,0,0,0,0,0,0,0,0,0,0,0,0,0,0.19047619047619,0,0,0,0,0,0,0,0,0,0,0,0,0,0,0,0,0.285714285714286,0,0,0,0,0,0,0,0,0,0,0,0,1,0,0,0,0,0,0,0,0,0,0,0,0,0,0,0,0,0,0,0,0,0.282608695652174,0,0,0,0,0,0,0,0,0,0,0,0.789473684210526,0,0,0,0,0,0,0,0.87037037037037,0,0,0,0,0,0,0,0,0,0,0,0,0,0.833333333333333,0,0,0,0,0,0,0,0,0,0,0,0,0,0,0,0,0
"Chake Chake_Shungi",0,0,0,0,0,0,0,0,0,0,0,0,0,0,0,0,0,0,0,0,0,0,0,0,0,0,0,0,0,0,0,0,0,0,0,0,0,0,0,0,0,0,0,0,0,0,0,0.2,0,0,0,0,0,0,0,0,0,0,0,0.76,0,0,0,0,0,0,0,0,0,0,0,0,0,0,0,0,0,0,0,0,0,0,0,0,0,0,0,0,0,0,0,0,0.86046511627907,0,0,0,0,0,0,0,0.545454545454545,0,0,0,0,0,0,0,0,0,0,0,0,0,0.878048780487805,0,0,0,0,0,0,0,0,0,0,0,0,0,0,0,0,0
"Chake Chake_Chonga",0.254901960784314,0,0,0,0,0,0,0,0,0,0,0,0,0,0,0,0,0,0,0,0,0,0,0,0,0,0,0,0,0.372549019607843,0,0,0,0,0,0,0,0,0,0,0,0,0,0,0,0,0,0,0.333333333333333,0,0,0,0,0,0,0,0,0,0,0.785714285714286,0,0,0,0,0,0,0,0,0,0,0,0,0,0,0,0,0,0,0,0,0.111111111111111,0,0,0,0,0,0,0,0,0,0,0,0.769230769230769,0,0,0,0,0,0,0,0.742857142857143,0,0,0,0,0,0,0,0,0,0,0,0,0,0.466666666666667,0,0,0,0,0,0,0,0,0,0,0,0,0,0,0,0,0
"Chake Chake_Mgelema",0,0,0,0,0,0,0,0,0,0,0,0,0,0,0,0,0,0,0,0,0,0,0,0,0,0,0,0,0,0,0,0,0,0,0,0,0,0,0,0,0,0,0,0,0,0,0,0,0.466666666666667,0,0,0,0,0,0,0,0,0,0,0,0,0,0,0,0,0,0,0,0,0,0,0,0,0,0,0,0,0,0,0,0,0,0,0,0,0,0,0,0,0,0,0,0.666666666666667,0,0,0,0,0,0,0,0.142857142857143,0,0,0,0,0,0,0,0,0,0,0,0,0,0,0,0,0,0,0,0,0,0,0,0,0,0,0,0,0,0,0
"Chake Chake_Kilindi",0,0,0,0,0,0,0,0,0,0,0,0,0,0,0,0,0,0,0,0,0,0,0,0,0,0,0,0,0,0,0.195652173913043,0,0,0,0,0,0,0,0,0,0,0,0,0,0,0,0.317073170731707,0,0,0,0,0,0,0,0,0,0,0,0,0.594594594594595,0,0,0,0,0,0,0,0,0,0,0,0,0,0,0,0,0,0,0,0,0.0869565217391304,0,0,0,0,0,0,0,0,0,0,0,0.352941176470588,0,0,0,0,0,0,0,0,0,0,0,0,0,0,0,0,0,0,0,0,0,0.634146341463415,0,0,0,0,0,0,0,0,0,0,0,0,0,0,0,0,0
"Chake Chake_Tibirinzi",0,0,0,0,0,0,0,0,0,0,0,0,0,0,0,0,0.368421052631579,0,0,0,0,0,0,0,0,0,0,0,0,0.552631578947368,0,0,0,0,0,0,0,0,0,0,0,0,0,0,0,0,0,0.525423728813559,0,0,0,0,0,0,0,0,0,0,0,0.653846153846154,0,0,0,0,0,0,0,0,0,0,0,0,0,0,0,0,0,0,0,0,0.380952380952381,0,0,0,0,0,0,0,0,0,0,0,0.766666666666667,0,0,0,0,0,0,0,0.4,0,0,0,0,0,0,0,0,0,0,0,0,0,0.757575757575758,0.0757575757575758,0,0,0,0,0,0,0,0,0,0,0,0,0,0,0,0
"Chake Chake_Chachani",0,0,0,0,0,0,0,0,0,0,0,0,0,0,0,0,0,0,0,0,0,0,0,0,0,0,0,0,0,0,0,0,0,0,0,0,0,0,0,0,0,0,0,0,0,0,0,0,0,0,0,0,0,0,0,0,0,0,0,0,0,0,0,0,0,0,0,0,0,0,0,0,0,0,0,0,0,0,0,0,0,0,0,0,0,0,0,0,0,0,0,0,0.4,0,0,0,0,0,0,0,0,0,0,0,0,0,0,0,0,0,0,0,0,0,0,0,0,0,0,0,0,0,0,0,0,0,0,0,0,0,0,0
"Chake Chake_Wara",0,0,0,0,0,0,0,0,0,0,0,0,0,0,0,0.419354838709677,0,0,0,0,0,0,0,0,0,0,0,0,0,1,0,0,0,0,0,0,0,0,0,0,0,0,0,0,0,0,0,0,0.0263157894736842,0,0,0,0,0,0,0,0,0,0,0.551724137931034,0,0,0,0,0,0,0,0,0,0,0,0,0,0,0,0,0,0,0,0,0,0,0,0,0,0,0,0,0,0,0,0,0,0,0,0,0,0,0,0,0.333333333333333,0,0,0,0,0,0,0,0,0,0,0,0,0,0,0.4375,0,0,0,0,0,0,0,0,0,0,0,0,0,0,0,0
"Chake Chake_Mvumoni",0.393939393939394,0,0,0,0,0,0,0,0,0,0,0,0,0,0,0,0,0,0,0,0,0,0,0,0,0,0,0,0,0.727272727272727,0,0,0,0,0,0,0,0,0,0,0,0,0,0,0,0,0,0,0,0,0,0,0,0,0,0,0,0,0,0.676470588235294,0,0,0,0,0,0,0,0,0,0,0,0,0,0,0,0,0,0,0,0,0,0,0,0,0,0,0,0,0,0,0,0,0.84,0,0,0,0,0,0,0,0.942857142857143,0,0,0,0,0,0,0,0,0,0,0,0,0,0.925925925925926,0,0,0,0,0,0,0,0,0,0,0,0,0,0,0,0,0
"Chake Chake_Matale",0.840909090909091,0,0,0,0,0,0,0,0,0,0,0,0,0,0,0,0,0,0,0,0,0,0,0,0,0,0,0,0,0.477272727272727,0,0,0,0,0,0,0,0,0,0,0,0,0,0,0,0,0.707317073170732,0,0,0,0,0,0,0,0,0,0,0,0,0.564102564102564,0,0,0,0,0,0,0,0,0,0,0,0,0,0,0,0,0,0,0,0,0.476190476190476,0,0,0,0,0,0,0,0,0,0,0,0.863636363636364,0,0,0,0,0,0,0,0.952380952380952,0,0,0,0,0,0,0,0,0,0,0,0,0,0.671641791044776,0.208955223880597,0,0,0,0,0,0,0,0,0,0,0,0,0,0,0,0
"Chake Chake_Wesha",0.4,0,0,0,0,0,0,0,0,0,0,0,0,0,0,0,0,0,0,0,0,0,0,0,0,0,0,0,0,0.4,0,0,0,0,0,0,0,0,0,0,0,0,0,0,0,0,0,0.470588235294118,0.647058823529412,0,0,0,0,0,0,0,0,0,0,0.5625,0,0,0,0,0,0,0,0,0,0,0,0,0,0,0,0,0,0,0,0,0.65,0,0,0,0,0,0,0,0,0,0,0,0,0,0,0,0,0,0,0,0.666666666666667,0,0,0,0,0,0,0,0,0,0,0,0,0,0.709677419354839,0,0,0,0,0,0,0,0,0,0,0,0,0,0,0,0,0
"Chake Chake_Uwandani",0.75,0,0,0,0,0,0,0,0,0,0,0,0,0,0,0,0,0,0,0,0,0,0,0,0,0,0,0,0,0.4375,0,0,0,0,0,0,0,0,0,0,0,0,0,0,0,0,0,0,0.529411764705882,0,0,0,0,0,0,0,0,0,0,0.36046511627907,0,0,0,0,0,0,0,0,0,0,0,0,0,0,0,0,0,0,0,0,0.0263157894736842,0,0,0,0,0,0,0,0,0,0,0,0.583333333333333,0,0,0,0,0,0,0,0.75,0,0,0,0,0,0,0,0,0,0,0,0,0,0.785714285714286,0,0,0,0,0,0,0,0,0,0,0,0,0,0,0,0,0
"Chake Chake_Madungu",0,0,0,0,0,0,0,0,0,0,0,0,0,0,0,0,0,0,0,0,0,0,0,0,0,0,0,0,0,0,0,0,0,0,0,0,0,0,0,0,0,0,0,0,0,0,0,0,0.318181818181818,0,0,0,0,0,0,0,0,0,0,0,0,0,0,0,0,0,0,0,0,0,0,0,0,0,0,0,0,0,0,0,0.8,0,0,0,0,0,0,0,0,0,0,0,0.5,0,0,0,0,0,0,0,0,0,0,0,0,0,0,0,0,0,0,0,0,0,0.75,0,0,0,0,0,0,0,0,0,0,0,0,0,0,0,0,0
"Chake Chake_Mgogoni",0.666666666666667,0,0,0,0,0,0,0,0,0,0,0,0,0,0,0,0,0,0,0,0,0,0,0,0,0,0,0,0,0.592592592592593,0,0,0,0,0,0,0,0,0,0,0,0,0,0,0,0,0.138888888888889,0,0,0,0,0,0,0,0,0,0,0,0,0.533333333333333,0,0,0,0,0,0,0,0,0,0,0,0,0,0,0,0,0,0,0,0,0.15625,0,0,0,0,0,0,0,0,0,0,0,0.846153846153846,0,0,0,0,0,0,0,0.755102040816326,0,0,0,0,0,0,0,0,0,0,0,0,0,0.853658536585366,0,0,0,0,0,0,0,0,0,0,0,0,0,0,0,0,0
"Chake Chake_Dodo",1,0,0,0,0,0,0,0,0,0,0,0,0,0,0,0,0,0,0,0,0,0,0,0,0,0,0,0,0,0,0,0,0,0,0,0,0,0,0,0,0,0,0,0,0,0,0,0,0.4,0,0,0,0,0,0,0,0,0,0,0,0,0,0,0,0,0,0,0,0,0,0,0,0,0,0,0,0,0,0,0,0.236842105263158,0,0,0,0,0,0,0,0,0,0,0,0,0,0,0,0,0,0,0,0.795918367346939,0,0,0,0,0,0,0,0,0,0,0,0,0,0.523809523809524,0,0,0,0,0,0,0,0,0,0,0,0,0,0,0,0,0
"Chake Chake_Mbuzini",0,0,0,0,0,0,0,0,0,0,0,0,0,0,0,0,0,0,0,0,0,0,0,0,0,0,0,0,0,0,0.44,0,0,0,0,0,0,0,0,0,0,0,0,0,0,0,0,0,1,0,0,0,0,0,0,0,0,0,0,0.473684210526316,0,0,0,0,0,0,0,0,0,0,0,0,0,0,0,0,0,0,0,0,0.272727272727273,0,0,0,0,0,0,0,0,0,0,0,0.75,0,0,0,0,0,0,0,0,0,0,0,0,0,0,0,0,0,0,0,0,0,0.918918918918919,0,0,0,0,0,0,0,0,0,0,0,0,0,0,0,0,0
"Chake Chake_Michungwani",0,0,0,0,0,0,0,0,0,0,0,0,0,0,0,0,0,0,0,0,0,0,0,0,0,0,0,0,0,0,0,0,0,0,0,0,0,0,0,0,0,0,0,0,0,0,0,0,0,0,0,0,0,0,0,0,0,0,0,0,0,0,0,0,0,0,0,0,0,0,0,0,0,0,0,0,0,0,0,0,0,0,0,0,0,0,0,0,0,0,0,0,0.2,0,0,0,0,0,0,0,0,0,0,0,0,0,0,0,0,0,0,0,0,0,0,0,0,0,0,0,0,0,0,0,0,0,0,0,0,0,0,0
"Chake Chake_Kibokoni",0.166666666666667,0,0,0,0,0,0,0,0,0,0,0,0,0,0,0,0,0,0,0,0,0,0,0,0,0,0,0,0,0,0,0,0,0,0,0,0,0,0,0,0,0,0,0,0,0,0,0,0,0,0,0,0,0,0,0,0,0,0,0.351851851851852,0,0,0,0,0,0,0,0,0,0,0,0,0,0,0,0,0,0,0,0,0.46875,0,0,0,0,0,0,0,0,0,0,0,0,0,0,0,0,0,0,0,0.9,0,0,0,0,0,0,0,0,0,0,0,0,0,0.945945945945946,0,0,0,0,0,0,0,0,0,0,0,0,0,0,0,0,0
"Chake Chake_Kichungwani",1,0,0,0,0,0,0,0,0,0,0,0,0,0,0,0,0,0,0,0,0,0,0,0,0,0,0,0,0,0,0,0,0,0,0,0,0,0,0,0,0,0,0,0,0,0,0,0,0.4,0,0,0,0,0,0,0,0,0,0,0.555555555555556,0,0,0,0,0,0,0,0,0,0,0,0,0,0,0,0,0,0,0,0,0,0,0,0,0,0,0,0,0,0,0,0,0,0,0,0,0,0,0,0,0.941176470588235,0,0,0,0,0,0,0,0,0,0,0,0,0,0.6,0,0,0,0,0,0,0,0,0,0,0,0,0,0,0,0,0
"Chake Chake_Msingini",0,0,0,0,0,0,0,0,0,0,0,0,0,0,0,0,0,0,0,0,0,0,0,0,0,0,0,0,0,1,0,0,0,0,0,0,0,0,0,0,0,0,0,0,0,0,0,0,0.4,0,0,0,0,0,0,0,0,0,0,0.3125,0,0,0,0,0,0,0,0,0,0,0,0,0,0,0,0,0,0,0,0,0,0,0,0,0,0,0,0,0,0,0,0,0,0,0,0,0,0,0,0,0,0,0,0,0,0,0,0,0,0,0,0,0,0,0,0.863636363636364,0,0,0,0,0,0,0,0,0,0,0,0,0,0,0,0
"Chake Chake_Mkoroshoni",0,0,0,0,0,0,0,0,0,0,0,0,0,0,0,0,0,0,0,0,0,0,0,0,0,0,0,0,0,0,0,0,0,0,0,0,0,0,0,0,0,0,0,0,0,0,0,0,0.666666666666667,0,0,0,0,0,0,0,0,0,0,0.333333333333333,0,0,0,0,0,0,0,0,0,0,0,0,0,0,0,0,0,0,0,0,0,0,0,0,0,0,0,0,0,0,0,0,0,0,0,0,0,0,0,0,0,0,0,0,0,0,0,0,0,0,0,0,0,0,0,0.333333333333333,0,0,0,0,0,0,0,0,0,0,0,0,0,0,0,0
"Chake Chake_Mfikiwa",0,0,0,0,0,0,0,0,0,0,0,0,0,0,0,0,0,0,0,0,0,0,0,0,0,0,0,0,0,0,0.5,0,0,0,0,0,0,0,0,0,0,0,0,0,0,0,1,0,0.166666666666667,0,0,0,0,0,0,0,0,0,0,0,0,0,0,0,0,0,0,0,0,0,0,0,0,0,0,0,0,0,0,0,0.636363636363636,0,0,0,0,0,0,0,0,0,0,0,0.625,0,0,0,0,0,0,0,0.666666666666667,0,0,0,0,0,0,0,0,0,0,0,0,0,0,0,0,0,0,0,0,0,0,0,0,0,0,0,0,0,0,0
"Mkoani_Ng'ombeni",0,0,0,0,0,0,0,0,0,0,0,0,0,0,0,0,0,0,0,0,0,0,0,0,0,0,0,0,0,0,0,0,0,0,0,0,0,0,0,0,0,0,0,0,0,0,0,0.6,0,0,0,0,0,0,0,0,0,0,0,0.651162790697674,0,0,0,0,0,0,0,0,0,0,0,0,0,0,0,0,0,0,0,0,0.5625,0,0,0,0,0,0,0,0,0,0,0,0.777777777777778,0,0,0,0,0,0,0,0.555555555555556,0,0,0,0,0,0,0,0,0,0,0,0,0,0.476190476190476,0.238095238095238,0,0,0,0,0,0,0,0,0,0,0,0,0,0,0,0
"Mkoani_Makombeni",0.5,0,0,0,0,0,0,0,0,0,0,0,0,0,0,0.2,0,0,0,0,0,0,0,0,0,0,0,0,0,0.5,0,0,0,0,0,0,0,0,0,0,0,0,0,0,0,0,0,1,0,0,0,0,0,0,0,0,0,0,0,0.526315789473684,0,0,0,0,0,0,0,0,0,0,0,0,0,0,0,0,0,0,0,0,0.6,0,0,0,0,0,0,0,0,0,0,0,0,0,0,0,0,0,0,0,0.916666666666667,0,0,0,0,0,0,0,0,0,0,0,0,0,0.25,0,0,0,0,0,0,0,0,0,0,0,0,0,0,0,0,0
"Mkoani_Makoongwe",0,0,0,0,0,0,0,0,0,0,0,0,0,0,0,0,0,0,0,0,0,0,0,0,0,0,0,0,0,0,0,0,0,0,0,0,0,0,0,0,0,0,0,0,0,0,0,0,0,0,0,0,0,0,0,0,0,0,0,0,0,0,0,0,0,0,0,0,0,0,0,0,0,0,0,0,0,0,0,0,0,0,0,0,0,0,0,0,0,0,0,0,0,0,0,0,0,0,0,0,0,0,0,0,0,0,0,0,0,0,0,0,0,0,0,0,0,0,0,0,0,0,0,0,0,0,0,0,0,0,0,0
"Mkoani_Shidi",0,0,0,0,0,0,0,0,0,0,0,0,0,0,0,0,0,0,0,0,0,0,0,0,0,0,0,0,0,0,0,0,0,0,0,0,0,0,0,0,0,0,0,0,0,0,0,0.428571428571429,0,0,0,0,0,0,0,0,0,0,0,1,0,0,0,0,0,0,0,0,0,0,0,0,0,0,0,0,0,0,0,0,1,0,0,0,0,0,0,0,0,0,0,0,1,0,0,0,0,0,0,0,1,0,0,0,0,0,0,0,0,0,0,0,0,0,0,0.333333333333333,0,0,0,0,0,0,0,0,0,0,0,0,0,0,0,0
"Mkoani_Mkanyageni",0.25,0,0,0,0,0,0,0,0,0,0,0,0,0,0,0.107142857142857,0,0,0,0,0,0,0,0,0,0,0,0,0,0.178571428571429,0,0,0,0,0,0,0,0,0,0,0,0,0,0,0,0,0,0.236842105263158,0.198198198198198,0,0,0,0,0,0,0,0,0,0,0.531645569620253,0,0,0,0,0,0,0,0,0,0,0,0,0,0,0,0,0,0,0,0,0.380952380952381,0,0,0,0,0,0,0,0,0,0,0,0.896551724137931,0,0,0,0,0,0,0,0.736842105263158,0,0,0,0,0,0,0,0,0,0,0,0,0,0,0.705882352941177,0,0,0,0,0,0,0,0,0,0,0,0,0,0,0,0
"Mkoani_Michenzani",0.153846153846154,0,0,0,0,0,0,0,0,0,0,0,0,0,0,0.0256410256410256,0,0,0,0,0,0,0,0,0,0,0,0,0,0.0256410256410256,0,0,0,0,0,0,0,0,0,0,0,0,0,0,0,0,0,0.260869565217391,0.32,0,0,0,0,0,0,0,0,0,0,0.677966101694915,0,0,0,0,0,0,0,0,0,0,0,0,0,0,0,0,0,0,0,0,0.36,0,0,0,0,0,0,0,0,0,0,0,0.866666666666667,0,0,0,0,0,0,0,0.764705882352941,0,0,0,0,0,0,0,0,0,0,0,0,0,0,0.75,0,0,0,0,0,0,0,0,0,0,0,0,0,0,0,0
"Mkoani_Chokocho",0,0,0,0,0,0,0,0,0,0,0,0,0,0,0,0.0666666666666667,0,0,0,0,0,0,0,0,0,0,0,0,0,0.222222222222222,0,0,0,0,0,0,0,0,0,0,0,0,0,0,0,0,0,0,0.380952380952381,0,0,0,0,0,0,0,0,0,0,0.625,0,0,0,0,0,0,0,0,0,0,0,0,0,0,0,0,0,0,0,0,1,0,0,0,0,0,0,0,0,0,0,0,0.588235294117647,0,0,0,0,0,0,0,0.4,0,0,0,0,0,0,0,0,0,0,0,0,0,0.735294117647059,0,0,0,0,0,0,0,0,0,0,0,0,0,0,0,0,0
"Mkoani_Kisiwa Panza",0,0,0,0,0,0,0,0,0,0,0,0,0,0,0,0,0,0,0,0,0,0,0,0,0,0,0,0,0,0,0,0,0,0,0,0,0,0,0,0,0,0,0,0,0,0,0,0,0,0,0,0,0,0,0,0,0,0,0,0,0,0,0,0,0,0,0,0,0,0,0,0,0,0,0,0,0,0,0,0,0,0,0,0,0,0,0,0,0,0,0,0,0,0,0,0,0,0,0,0,0,0,0,0,0,0,0,0,0,0,0,0,0,0,0,0,0,0,0,0,0,0,0,0,0,0,0,0,0,0,0,0
"Mkoani_Kangani",0.195121951219512,0,0,0,0,0,0,0,0,0,0,0,0,0,0,0.0731707317073171,0,0,0,0,0,0,0,0,0,0,0,0,0,0.439024390243902,0,0,0,0,0,0,0,0,0,0,0,0,0,0,0,0,0,0.575757575757576,0,0,0,0,0,0,0,0,0,0,0,0.622641509433962,0,0,0,0,0,0,0,0,0,0,0,0,0,0,0,0,0,0,0,0,0.558823529411765,0,0,0,0,0,0,0,0,0,0,0,0.897435897435897,0,0,0,0,0,0,0,0.615384615384615,0,0,0,0,0,0,0,0,0,0,0,0,0,0.55,0,0,0,0,0,0,0,0,0,0,0,0,0,0,0,0,0
"Mkoani_Kengeja",0.338709677419355,0,0,0,0,0,0,0,0,0,0,0,0,0,0,0,0.0967741935483871,0,0,0,0,0,0,0,0,0,0,0,0,0,0.193548387096774,0,0,0,0,0,0,0,0,0,0,0,0,0,0,0,0.639344262295082,0,0,0,0,0,0,0,0,0,0,0,0,0.833333333333333,0,0,0,0,0,0,0,0,0,0,0,0,0,0,0,0,0,0,0,0,1,0,0,0,0,0,0,0,0,0,0,0,0.849056603773585,0,0,0,0,0,0,0,0.767857142857143,0,0,0,0,0,0,0,0,0,0,0,0,0,0.767857142857143,0,0,0,0,0,0,0,0,0,0,0,0,0,0,0,0,0
"Mkoani_Muambe",0.409090909090909,0,0,0,0,0,0,0,0,0,0,0,0,0,0,0,0.136363636363636,0,0,0,0,0,0,0,0,0,0,0,0,0,0.136363636363636,0,0,0,0,0,0,0,0,0,0,0,0,0,0,0,0.444444444444444,0,0.166666666666667,0,0,0,0,0,0,0,0,0,0,0.857142857142857,0,0,0,0,0,0,0,0,0,0,0,0,0,0,0,0,0,0,0,0,0.461538461538462,0,0,0,0,0,0,0,0,0,0,0,0,0,0,0,0,0,0,0,0.606060606060606,0,0,0,0,0,0,0,0,0,0,0,0,0,0.523809523809524,0,0,0,0,0,0,0,0,0,0,0,0,0,0,0,0,0
"Mkoani_Kiwani",0,0,0,0,0,0,0,0,0,0,0,0,0,0,0,0,0.105263157894737,0,0,0,0,0,0,0,0,0,0,0,0,0,0,0,0.157894736842105,0,0,0,0,0,0,0,0,0,0,0,0,0,0,1,0,0,0,0,0,0,0,0,0,0,0,0.277777777777778,0,0,0,0,0,0,0,0,0,0,0,0,0,0,0,0,0,0,0,0,1,0,0,0,0,0,0,0,0,0,0,0,0,0,0,0,0,0,0,0,0.666666666666667,0,0,0,0,0,0,0,0,0,0,0,0,0,0.733333333333333,0,0,0,0,0,0,0,0,0,0,0,0,0,0,0,0,0
"Mkoani_Mtambile",0,0,0,0,0,0,0,0,0,0,0,0,0,0,0,0.347826086956522,0,0,0,0,0,0,0,0,0,0,0,0,0,0,0.91304347826087,0,0,0,0,0,0,0,0,0,0,0,0,0,0,0,0.448275862068966,0,0,0,0,0,0,0,0,0,0,0,0,1,0,0,0,0,0,0,0,0,0,0,0,0,0,0,0,0,0,0,0,0,1,0,0,0,0,0,0,0,0,0,0,0,0.807692307692308,0,0,0,0,0,0,0,0.166666666666667,0,0,0,0,0,0,0,0,0,0,0,0,0,0.5,0,0,0,0,0,0,0,0,0,0,0,0,0,0,0,0,0
"Mkoani_Mizingani",0.923076923076923,0,0,0,0,0,0,0,0,0,0,0,0,0,0,0.153846153846154,0,0,0,0,0,0,0,0,0,0,0,0,0,0,0.153846153846154,0,0,0,0,0,0,0,0,0,0,0,0,0,0,0,0.299363057324841,0,0.0373134328358209,0,0,0,0,0,0,0,0,0,0,0.714285714285714,0,0,0,0,0,0,0,0,0,0,0,0,0,0,0,0,0,0,0,0,0.283333333333333,0,0,0,0,0,0,0,0,0,0,0,0.920634920634921,0,0,0,0,0,0,0,0.827586206896552,0,0,0,0,0,0,0,0,0,0,0,0,0,0.84375,0,0,0,0,0,0,0,0,0,0,0,0,0,0,0,0,0
"Mkoani_Ngwachani",0.213114754098361,0,0,0,0,0,0,0,0,0,0,0,0,0,0,0,0.0327868852459016,0,0,0,0,0,0,0,0,0,0,0,0,0,0.0819672131147541,0,0,0,0,0,0,0,0,0,0,0,0,0,0,0,0.529411764705882,0,0,0,0,0,0,0,0,0,0,0,0,0.734375,0,0,0,0,0,0,0,0,0,0,0,0,0,0,0,0,0,0,0,0,1,0,0,0,0,0,0,0,0,0,0,0,0.891891891891892,0,0,0,0,0,0,0,0.675,0,0,0,0,0,0,0,0,0,0,0,0,0,0.703703703703704,0,0,0,0,0,0,0,0,0,0,0,0,0,0,0,0,0
"Mkoani_Chambani",0,0,0,0,0,0,0,0,0,0,0,0,0,0,0,0,0.0142857142857143,0,0,0,0,0,0,0,0,0,0,0,0,0.0857142857142857,0,0,0,0,0,0,0,0,0,0,0,0,0,0,0,0,0.0782608695652174,0,0.152380952380952,0,0,0,0,0,0,0,0,0,0,0.116279069767442,0,0,0,0,0,0,0,0,0,0,0,0,0,0,0,0,0,0,0,0,1,0,0,0,0,0,0,0,0,0,0,0,0.758620689655172,0,0,0,0,0,0,0,0.608695652173913,0,0,0,0,0,0,0,0,0,0,0,0,0,0.696969696969697,0,0,0,0,0,0,0,0,0,0,0,0,0,0,0,0,0
"Mkoani_Wambaa",0,0,0,0,0,0,0,0,0,0,0,0,0,0,0,0,0.138888888888889,0,0,0,0,0,0,0,0,0,0,0,0,0.416666666666667,0,0,0,0,0,0,0,0,0,0,0,0,0,0,0,0,0,0,0,0,0,0,0,0,0,0,0,0,0,0,0,0,0,0,0,0,0,0,0,0,0,0,0,0,0,0,0,0,0,0,1,0,0,0,0,0,0,0,0,0,0,0,0.571428571428571,0,0,0,0,0,0,0,0.25,0,0,0,0,0,0,0,0,0,0,0,0,0,0,0,0,0,0,0,0,0,0,0,0,0,0,0,0,0,0,0
"Mkoani_Mbuguani",0,0,0,0,0,0,0,0,0,0,0,0,0,0,0,0,0,0,0,0,0,0,0,0,0,0,0,0,0,0.28125,0,0,0,0,0,0,0,0,0,0,0,0,0,0,0,0,0,0.571428571428571,0,0,0,0,0,0,0,0,0,0,0,0,0,0,0,0,0,0,0,0,0,0,0,0,0,0,0,0,0,0,0,0,0.9,0,0,0,0,0,0,0,0,0,0,0,0.954545454545455,0,0,0,0,0,0,0,0.714285714285714,0,0,0,0,0,0,0,0,0,0,0,0,0,0.952380952380952,0,0,0,0,0,0,0,0,0,0,0,0,0,0,0,0,0
"Mkoani_Uweleni",0,0,0,0,0,0,0,0,0,0,0,0,0,0,0,0.0869565217391304,0,0,0,0,0,0,0,0,0,0,0,0,0,0.0869565217391304,0,0,0,0,0,0,0,0,0,0,0,0,0,0,0,0,0,0.5625,0,0,0,0,0,0,0,0,0,0,0,0.75,0,0,0,0,0,0,0,0,0,0,0,0,0,0,0,0,0,0,0,0,0.24,0,0,0,0,0,0,0,0,0,0,0,0.714285714285714,0,0,0,0,0,0,0,0.375,0,0,0,0,0,0,0,0,0,0,0,0,0,0.384615384615385,0,0,0,0,0,0,0,0,0,0,0,0,0,0,0,0,0
"Mkoani_Mtangani",0,0,0,0,0,0,0,0,0,0,0,0,0,0,0,0,0.0588235294117647,0,0,0,0,0,0,0,0,0,0,0,0,0,0,0,0.117647058823529,0,0,0,0,0,0,0,0,0,0,0,0,0,0.388888888888889,0,0,0,0,0,0,0,0,0,0,0,0,0.65,0,0,0,0,0,0,0,0,0,0,0,0,0,0,0,0,0,0,0,0,0.533333333333333,0,0,0,0,0,0,0,0,0,0,0,0.692307692307692,0,0,0,0,0,0,0,0.461538461538462,0,0,0,0,0,0,0,0,0,0,0,0,0,0.636363636363636,0,0,0,0,0,0,0,0,0,0,0,0,0,0,0,0,0
"Mkoani_Ukutini",0.0882352941176471,0,0,0,0,0,0,0,0,0,0,0,0,0,0,0,0.147058823529412,0,0,0,0,0,0,0,0,0,0,0,0,0.5,0,0,0,0,0,0,0,0,0,0,0,0,0,0,0,0,0.396551724137931,0,0.0384615384615385,0,0,0,0,0,0,0,0,0,0,0.633333333333333,0,0,0,0,0,0,0,0,0,0,0,0,0,0,0,0,0,0,0,0,0.266666666666667,0,0,0,0,0,0,0,0,0,0,0,0,0,0,0,0,0,0,0,0.75,0,0,0,0,0,0,0,0,0,0,0,0,0,0.8,0,0,0,0,0,0,0,0,0,0,0,0,0,0,0,0,0
"Mkoani_Chumbageni",0.128712871287129,0,0,0,0,0,0,0,0,0,0,0,0,0,0,0.0396039603960396,0,0,0,0,0,0,0,0,0,0,0,0,0,0.0891089108910891,0,0,0,0,0,0,0,0,0,0,0,0,0,0,0,0,0,0,0.457142857142857,0,0,0,0,0,0,0,0,0,0,0.673469387755102,0,0,0,0,0,0,0,0,0,0,0,0,0,0,0,0,0,0,0,0,0.805555555555556,0,0,0,0,0,0,0,0,0,0,0,0.966666666666667,0,0,0,0,0,0,0,0.609756097560976,0,0,0,0,0,0,0,0,0,0,0,0,0,0.476190476190476,0,0,0,0,0,0,0,0,0,0,0,0,0,0,0,0,0
"Mkoani_Mbuyuni",0,0,0,0,0,0,0,0,0,0,0,0,0,0,0,0,0.461538461538462,0,0,0,0,0,0,0,0,0,0,0,0,1,0,0,0,0,0,0,0,0,0,0,0,0,0,0,0,0,0,0,0,0,0,0,0,0,0,0,0,0,0,0.6875,0,0,0,0,0,0,0,0,0,0,0,0,0,0,0,0,0,0,0,0,0.6875,0,0,0,0,0,0,0,0,0,0,0,0.875,0,0,0,0,0,0,0,0.636363636363636,0,0,0,0,0,0,0,0,0,0,0,0,0,0,0,0,0,0,0,0,0,0,0,0,0,0,0,0,0,0,0
"Mkoani_Stahabu",0.123076923076923,0,0,0,0,0,0,0,0,0,0,0,0,0,0,0,0,0,0,0,0,0,0,0,0,0,0,0,0,0,0,0,0,0,0,0,0,0,0,0,0,0,0,0,0,0,0,0,0.108108108108108,0,0,0,0,0,0,0,0,0,0,0.62962962962963,0,0,0,0,0,0,0,0,0,0,0,0,0,0,0,0,0,0,0,0,1,0,0,0,0,0,0,0,0,0,0,0,0.166666666666667,0,0,0,0,0,0,0,0.75,0,0,0,0,0,0,0,0,0,0,0,0,0,0,0.647058823529412,0,0,0,0,0,0,0,0,0,0,0,0,0,0,0,0
"Mkoani_Kuukuu",0,0,0,0,0,0,0,0,0,0,0,0,0,0,0,0.0428571428571429,0,0,0,0,0,0,0,0,0,0,0,0,0,0.228571428571429,0,0,0,0,0,0,0,0,0,0,0,0,0,0,0,0,0,0.365853658536585,0,0,0,0,0,0,0,0,0,0,0,0.5,0,0,0,0,0,0,0,0,0,0,0,0,0,0,0,0,0,0,0,0,0.954545454545455,0,0,0,0,0,0,0,0,0,0,0,0,0,0,0,0,0,0,0,0.727272727272727,0,0,0,0,0,0,0,0,0,0,0,0,0,0,0,0,0,0,0,0,0,0,0,0,0,0,0,0,0,0,0
"Mkoani_Mjimbini",0.232558139534884,0,0,0,0,0,0,0,0,0,0,0,0,0,0,0,0,0,0,0,0,0,0,0,0,0,0,0,0,0,0,0,0,0,0,0,0,0,0,0,0,0,0,0,0,0,0,0.352941176470588,0,0,0,0,0,0,0,0,0,0,0,0.494623655913978,0,0,0,0,0,0,0,0,0,0,0,0,0,0,0,0,0,0,0,0,0.754385964912281,0,0,0,0,0,0,0,0,0,0,0,0.883720930232558,0,0,0,0,0,0,0,0.625,0,0,0,0,0,0,0,0,0,0,0,0,0,0.606060606060606,0,0,0,0,0,0,0,0,0,0,0,0,0,0,0,0,0
"Mkoani_Shamiani",0,0,0,0,0,0,0,0,0,0,0,0,0,0,0,0,0,0,0,0,0,0,0,0,0,0,0,0,0,0,0,0,0,0,0,0,0,0,0,0,0,0,0,0,0,0,0,0,0,0,0,0,0,0,0,0,0,0,0,0,0,0,0,0,0,0,0,0,0,0,0,0,0,0,0,0,0,0,0,0,0,0,0,0,0,0,0,0,0,0,0,0,0,0,0,0,0,0,0,0,0,0,0,0,0,0,0,0,0,0,0,0,0,0,0,0,0,0,0,0,0,0,0,0,0,0,0,0,0,0,0,0
"Mkoani_Jombwe",1,0,0,0,0,0,0,0,0,0,0,0,0,0,0,0,0.25,0,0,0,0,0,0,0,0,0,0,0,0,0.5,0,0,0,0,0,0,0,0,0,0,0,0,0,0,0,0,0,0,0,0,0,0,0,0,0,0,0,0,0,0,0,0,0,0,0,0,0,0,0,0,0,0,0,0,0,0,0,0,0,0,0.444444444444444,0,0,0,0,0,0,0,0,0,0,0,0,0,0,0,0,0,0,0,0.823529411764706,0,0,0,0,0,0,0,0,0,0,0,0,0,0,0,0,0,0,0,0,0,0,0,0,0,0,0,0,0,0,0
"Mkoani_Kendwa",0,0,0,0,0,0,0,0,0,0,0,0,0,0,0,0,0.1875,0,0,0,0,0,0,0,0,0,0,0,0,0.25,0,0,0,0,0,0,0,0,0,0,0,0,0,0,0,0,0.04,0,0.291666666666667,0,0,0,0,0,0,0,0,0,0,0.25,0,0,0,0,0,0,0,0,0,0,0,0,0,0,0,0,0,0,0,0,0.8,0,0,0,0,0,0,0,0,0,0,0,0,0,0,0,0,0,0,0,0.818181818181818,0,0,0,0,0,0,0,0,0,0,0,0,0,0.846153846153846,0,0,0,0,0,0,0,0,0,0,0,0,0,0,0,0,0
"Mkoani_Minazini",0.206896551724138,0,0,0,0,0,0,0,0,0,0,0,0,0,0,0.137931034482759,0,0,0,0,0,0,0,0,0,0,0,0,0,0,0.413793103448276,0,0,0,0,0,0,0,0,0,0,0,0,0,0,0,0.161290322580645,0,0,0,0,0,0,0,0,0,0,0,0,0.787878787878788,0,0,0,0,0,0,0,0,0,0,0,0,0,0,0,0,0,0,0,0,0.15,0,0,0,0,0,0,0,0,0,0,0,0,0,0,0,0,0,0,0,0.923076923076923,0,0,0,0,0,0,0,0,0,0,0,0,0,0.769230769230769,0,0,0,0,0,0,0,0,0,0,0,0,0,0,0,0,0
"Mkoani_Mgagadu",0,0,0,0,0,0,0,0,0,0,0,0,0,0,0,0,0,0,0,0,0,0,0,0,0,0,0,0,0,0,0,0,0,0,0,0,0,0,0,0,0,0,0,0,0,0,0,0,0,0,0,0,0,0,0,0,0,0,0,0.705882352941177,0,0,0,0,0,0,0,0,0,0,0,0,0,0,0,0,0,0,0,0,1,0,0,0,0,0,0,0,0,0,0,0,0,0,0,0,0,0,0,0,1,0,0,0,0,0,0,0,0,0,0,0,0,0,1,0,0,0,0,0,0,0,0,0,0,0,0,0,0,0,0,0
"Mkoani_Mkungu",0,0,0,0,0,0,0,0,0,0,0,0,0,0,0,0,0.111111111111111,0,0,0,0,0,0,0,0,0,0,0,0,0,0,0,0.361111111111111,0,0,0,0,0,0,0,0,0,0,0,0,0,0.259259259259259,0,0.357142857142857,0,0,0,0,0,0,0,0,0,0,0.694444444444444,0,0,0,0,0,0,0,0,0,0,0,0,0,0,0,0,0,0,0,0,0.568627450980392,0,0,0,0,0,0,0,0,0,0,0,1,0,0,0,0,0,0,0,0.923076923076923,0,0,0,0,0,0,0,0,0,0,0,0,0,0.583333333333333,0,0,0,0,0,0,0,0,0,0,0,0,0,0,0,0,0
"Mkoani_Changaweni",0,0,0,0,0,0,0,0,0,0,0,0,0,0,0,0,0,0,0,0,0,0,0,0,0,0,0,0,0,0,0,0,0,0,0,0,0,0,0,0,0,0,0,0,0,0,0,0.576923076923077,0,0,0,0,0,0,0,0,0,0,0,0.205128205128205,0,0,0,0,0,0,0,0,0,0,0,0,0,0,0,0,0,0,0,0,0.869565217391304,0,0,0,0,0,0,0,0,0,0,0,0,0,0,0,0,0,0,0,0.428571428571429,0,0,0,0,0,0,0,0,0,0,0,0,0,0.5,0,0,0,0,0,0,0,0,0,0,0,0,0,0,0,0,0
